{"file_hashes":[{"block_hashes":["mbGAODlJKSYuouMDO6KTjh45/wZk9OzcKyc6LV7In/Q=","RlPraxvjK3AYjk9VH8n8dmdml+YK/BK4s2lR2EYqRo4=","b2aEivXUFED5resbrQv8LzDX96jZRn4JYTqjC6SMnPE=","PiS4xBZoZJEhX9O74NAjo/JanCO+3xkKe2UgSJO5cWM=","lNczumxvDJ5eAE3OQmpyf54d6eH/vGsV4SVmaHmEF68=","nYUKSaappURrFO8KAoryxYfJhk5qhaBUq79ODUjvkX0=","5gsySGTMUFB9CKvIGroEuFqwwQhnaYePIamXojL3Ikw=","FhzorHoY8ZsLiKUCvjpuThhVaB11VhaqU6kKboGVU+k=","QNTtX0V3c9I6R72vE360go3Htjk4Yj0dTUGIYoMdxW8=","9wGmcThw53WZ6QPC7cwya++1LF1aVinl6Ab6xk5WZHA=","ov5yIwhBSP2YBuHw/JJ99csJPEnD6f01FdTf+JrjmmQ="],"block_size":4096,"path":"content.js"},{"block_hashes":["QF87JtilmdRcebDhKQe5zv5PEB6Fmlfb01Tfes0Opko=","KvhpXCQfT9QCPR/tM5MKr3m60TxSGr/gLsI7DVPIVX0=","0oor3gzqbDlpQ7ADapRrxItSKURk3l2B+sZ4jIQwbxo=","tSc7w2piC2Sim7lADOjzeHMBjcj/NdOsKt1Zg1ibV1Q="],"block_size":4096,"path":"icon128_deselected.png"},{"block_hashes":["7NroztVri+TQghc0CWVQ9xd1NwJSVcFoEP2gIKVgpnY="],"block_size":4096,"path":"icon16_deselected.png"},{"block_hashes":["MfRKbFdpUoyHiY0tLyk5zB6+4fXOxjSB0cNtYFHdaYE="],"block_size":4096,"path":"icon32_deselected.png"},{"block_hashes":["8R757245LOlnARbX4cNCQCo7Z1ehRWUjwBk8+kaSfnk=","u+VGXVlH/43aezDWFZJzlYEuF8BgLlxkG7JADKkIdHw="],"block_size":4096,"path":"icon48_deselected.png"},{"block_hashes":["4rbmFceSjOklU4TT+xNFJZTFeWRWOVYW8dood/D813Q=","+vN+4sjdQ04/ZZxAv885F5XluNWe8kyBJLSVKj4Uk2I=","FfRez+oiT4q0rUigYEu36kgtoaXJbv5n1H+HaZgW4IQ="],"block_size":4096,"path":"icon96_deselected.png"},{"block_hashes":["2RyEHl9WLcG3HzEJHNy1Q2/hN59hkcQ953g8dHh5uq8=","UvVq3GVOSoqpRTc9aQwbNP8l6FY8yNSYEMXK7lyJWFA="],"block_size":4096,"path":"styles.css"}],"version":2}